{
    "interactionModel": {
        "languageModel": {
            "invocationName": "unicorn",
            "intents": [
                {
                    "name": "AMAZON.CancelIntent",
                    "samples": []
                },
                {
                    "name": "AMAZON.HelpIntent",
                    "samples": []
                },
                {
                    "name": "AMAZON.StopIntent",
                    "samples": [
                        "stop blinking",
                        "stop",
                        "turn off lights",
                        "turn off leds",
                        "dark mode"
                    ]
                },
                {
                    "name": "ShowRainbow",
                    "slots": [],
                    "samples": [
                        "show rainbow",
                        "rainbow"
                    ]
                }
            ],
            "types": []
        }
    }
}